sep=,
name_id,0.05,0.1,0.15,0.2,0.25,0.3,0.35,0.4,0.45,0.5,0.55,0.6,0.65,0.7,0.75,0.8,0.85,0.9,0.95,1.0,1.05,1.1,1.15,1.2,1.25,1.3,1.35,1.4,1.45,1.5,1.55,1.6,1.65,1.7,1.75,1.8,1.85,1.9,1.95,2.0
MultiLargeBots-v1-t1,0.9964158,0.9964158,0.9964158,0.9964158,0.9964158,0.9964158,0.9964158,0.9964158,0.9964158,0.9964158,0.9964158,0.9964158,0.9964158,0.9964158,0.9964158,0.9964158,0.9964158,0.9964158,0.9964158,0.9964158,0.9964158,0.9964158,0.8566308,0.59318995,0.4516129,0.08064516,0.005376344,0.0,0.0,0.0,0.0,0.0,0.0,0.0,0.0,0.0,0.0,0.0,0.0,0.0
mean,0.9964157938957214,0.9964157938957214,0.9964157938957214,0.9964157938957214,0.9964157938957214,0.9964157938957214,0.9964157938957214,0.9964157938957214,0.9964157938957214,0.9964157938957214,0.9964157938957214,0.9964157938957214,0.9964157938957214,0.9964157938957214,0.9964157938957214,0.9964157938957214,0.9964157938957214,0.9964157938957214,0.9964157938957214,0.9964157938957214,0.9964157938957214,0.9964157938957214,0.856630802154541,0.5931899547576904,0.4516128897666931,0.08064515888690948,0.005376344081014395,0.0,0.0,0.0,0.0,0.0,0.0,0.0,0.0,0.0,0.0,0.0,0.0,0.0
