sep=,
name_id,0.05,0.1,0.15,0.2,0.25,0.3,0.35,0.4,0.45,0.5,0.55,0.6,0.65,0.7,0.75,0.8,0.85,0.9,0.95,1.0,1.05,1.1,1.15,1.2,1.25,1.3,1.35,1.4,1.45,1.5,1.55,1.6,1.65,1.7,1.75,1.8,1.85,1.9,1.95,2.0
MultiLargeBots-v1-t1,0.4251007,0.4251007,0.4251007,0.4251007,0.4251007,0.4251007,0.4251007,0.4251007,0.4251007,0.4251007,0.4251007,0.4251007,0.4251007,0.4251007,0.4251007,0.4251007,0.4251007,0.4251007,0.4251007,0.4251007,0.4251007,0.4251007,0.42173162,0.42020273,0.42237213,0.394821,0.39132044,nan,nan,nan,nan,nan,nan,nan,nan,nan,nan,nan,nan,nan
mean,0.425100713968277,0.425100713968277,0.425100713968277,0.425100713968277,0.425100713968277,0.425100713968277,0.425100713968277,0.425100713968277,0.425100713968277,0.425100713968277,0.425100713968277,0.425100713968277,0.425100713968277,0.425100713968277,0.425100713968277,0.425100713968277,0.425100713968277,0.425100713968277,0.425100713968277,0.425100713968277,0.425100713968277,0.425100713968277,0.4217316210269928,0.42020273208618164,0.42237213253974915,0.3948209881782532,0.39132043719291687,0.0,0.0,0.0,0.0,0.0,0.0,0.0,0.0,0.0,0.0,0.0,0.0,0.0
