sep=,
name_id,0.05,0.1,0.15,0.2,0.25,0.3,0.35,0.4,0.45,0.5,0.55,0.6,0.65,0.7,0.75,0.8,0.85,0.9,0.95,1.0,1.05,1.1,1.15,1.2,1.25,1.3,1.35,1.4,1.45,1.5,1.55,1.6,1.65,1.7,1.75,1.8,1.85,1.9,1.95,2.0
MultiLargeBots-v1-t1,0.8294474,0.8294474,0.8294474,0.8294474,0.8294474,0.8294474,0.8294474,0.8294474,0.8294474,0.8294474,0.8294474,0.8294474,0.8294474,0.8294474,0.8294474,0.8294474,0.8294474,0.8294474,0.8294474,0.8294474,0.8294474,0.8294474,0.810007,0.77950966,0.7702834,0.72497904,0.69367546,nan,nan,nan,nan,nan,nan,nan,nan,nan,nan,nan,nan,nan
mean,0.8294473886489868,0.8294473886489868,0.8294473886489868,0.8294473886489868,0.8294473886489868,0.8294473886489868,0.8294473886489868,0.8294473886489868,0.8294473886489868,0.8294473886489868,0.8294473886489868,0.8294473886489868,0.8294473886489868,0.8294473886489868,0.8294473886489868,0.8294473886489868,0.8294473886489868,0.8294473886489868,0.8294473886489868,0.8294473886489868,0.8294473886489868,0.8294473886489868,0.8100069761276245,0.7795096635818481,0.7702834010124207,0.724979043006897,0.6936754584312439,0.0,0.0,0.0,0.0,0.0,0.0,0.0,0.0,0.0,0.0,0.0,0.0,0.0
