sep=,
name_id,0.05,0.1,0.15,0.2,0.25,0.3,0.35,0.4,0.45,0.5,0.55,0.6,0.65,0.7,0.75,0.8,0.85,0.9,0.95,1.0,1.05,1.1,1.15,1.2,1.25,1.3,1.35,1.4,1.45,1.5,1.55,1.6,1.65,1.7,1.75,1.8,1.85,1.9,1.95,2.0
MultiLargeBots-v2-t1,0.8246212,0.8246212,0.8246212,0.8246212,0.8246212,0.8246212,0.8246212,0.8246212,0.8246212,0.8246212,0.8246212,0.8246212,0.8246212,0.8246212,0.8246212,0.8246212,0.8246212,0.8246212,0.8246212,0.8246212,0.8246212,0.8246212,0.8246212,0.8246212,0.8208333,0.69867426,0.54829544,0.4280303,0.4280303,0.4280303,0.4280303,0.4280303,0.4280303,0.40530303,0.20833333,0.066287875,0.03219697,0.011363637,0.0,0.0
mean,0.8246212005615234,0.8246212005615234,0.8246212005615234,0.8246212005615234,0.8246212005615234,0.8246212005615234,0.8246212005615234,0.8246212005615234,0.8246212005615234,0.8246212005615234,0.8246212005615234,0.8246212005615234,0.8246212005615234,0.8246212005615234,0.8246212005615234,0.8246212005615234,0.8246212005615234,0.8246212005615234,0.8246212005615234,0.8246212005615234,0.8246212005615234,0.8246212005615234,0.8246212005615234,0.8246212005615234,0.8208333253860474,0.6986742615699768,0.5482954382896423,0.4280303120613098,0.4280303120613098,0.4280303120613098,0.4280303120613098,0.4280303120613098,0.4280303120613098,0.405303031206131,0.2083333283662796,0.06628787517547607,0.03219696879386902,0.011363636702299118,0.0,0.0
