sep=,
name_id,0.05,0.1,0.15,0.2,0.25,0.3,0.35,0.4,0.45,0.5,0.55,0.6,0.65,0.7,0.75,0.8,0.85,0.9,0.95,1.0,1.05,1.1,1.15,1.2,1.25,1.3,1.35,1.4,1.45,1.5,1.55,1.6,1.65,1.7,1.75,1.8,1.85,1.9,1.95,2.0
MultiLargeBots-v2-t1,1.0,1.0,1.0,1.0,1.0,1.0,1.0,1.0,1.0,1.0,1.0,1.0,1.0,1.0,1.0,1.0,1.0,1.0,1.0,1.0,1.0,1.0,1.0,1.0,0.9943182,0.85795456,0.64772725,0.51704544,0.51704544,0.51704544,0.51704544,0.51704544,0.51704544,0.48295453,0.26704547,0.08522727,0.045454547,0.017045455,0.0,0.0
mean,1.0,1.0,1.0,1.0,1.0,1.0,1.0,1.0,1.0,1.0,1.0,1.0,1.0,1.0,1.0,1.0,1.0,1.0,1.0,1.0,1.0,1.0,1.0,1.0,0.9943181872367859,0.8579545617103577,0.6477272510528564,0.5170454382896423,0.5170454382896423,0.5170454382896423,0.5170454382896423,0.5170454382896423,0.5170454382896423,0.4829545319080353,0.2670454680919647,0.08522727340459824,0.04545454680919647,0.017045455053448677,0.0,0.0
