sep=,
name_id,0.05,0.1,0.15,0.2,0.25,0.3,0.35,0.4,0.45,0.5,0.55,0.6,0.65,0.7,0.75,0.8,0.85,0.9,0.95,1.0,1.05,1.1,1.15,1.2,1.25,1.3,1.35,1.4,1.45,1.5,1.55,1.6,1.65,1.7,1.75,1.8,1.85,1.9,1.95,2.0
MultiLargeBots-v2-t1,0.39615455,0.39615455,0.39615455,0.39615455,0.39615455,0.39615455,0.39615455,0.39615455,0.39615455,0.39615455,0.39615455,0.39615455,0.39615455,0.39615455,0.39615455,0.39615455,0.39615455,0.39615455,0.39615455,0.39615455,0.39615455,0.39615455,0.39615455,0.39615455,0.3956701,0.35187274,0.3069289,0.2671613,0.2671613,0.2671613,0.2671613,0.2671613,0.2671613,0.23816663,0.2667702,0.20536187,0.22548398,0.27719566,nan,nan
mean,0.3961545526981354,0.3961545526981354,0.3961545526981354,0.3961545526981354,0.3961545526981354,0.3961545526981354,0.3961545526981354,0.3961545526981354,0.3961545526981354,0.3961545526981354,0.3961545526981354,0.3961545526981354,0.3961545526981354,0.3961545526981354,0.3961545526981354,0.3961545526981354,0.3961545526981354,0.3961545526981354,0.3961545526981354,0.3961545526981354,0.3961545526981354,0.3961545526981354,0.3961545526981354,0.3961545526981354,0.395670086145401,0.3518727421760559,0.3069289028644562,0.2671613097190857,0.2671613097190857,0.2671613097190857,0.2671613097190857,0.2671613097190857,0.2671613097190857,0.23816663026809692,0.26677021384239197,0.20536187291145325,0.2254839837551117,0.27719566226005554,0.0,0.0
