sep=,
name_id,0.05,0.1,0.15,0.2,0.25,0.3,0.35,0.4,0.45,0.5,0.55,0.6,0.65,0.7,0.75,0.8,0.85,0.9,0.95,1.0,1.05,1.1,1.15,1.2,1.25,1.3,1.35,1.4,1.45,1.5,1.55,1.6,1.65,1.7,1.75,1.8,1.85,1.9,1.95,2.0
MultiLargeBots-v2-t1,0.5008552,0.5008552,0.5008552,0.5008552,0.5008552,0.5008552,0.5008552,0.5008552,0.5008552,0.5008552,0.5008552,0.5008552,0.5008552,0.5008552,0.5008552,0.5008552,0.5008552,0.5008552,0.5008552,0.5008552,0.5008552,0.5008552,0.5008552,0.5008552,0.49781272,0.43607345,0.34240004,0.28789076,0.28789076,0.28789076,0.28789076,0.28789076,0.28789076,0.2807562,0.24709694,0.19159926,0.1602094,0.13312943,nan,nan
mean,0.5008552074432373,0.5008552074432373,0.5008552074432373,0.5008552074432373,0.5008552074432373,0.5008552074432373,0.5008552074432373,0.5008552074432373,0.5008552074432373,0.5008552074432373,0.5008552074432373,0.5008552074432373,0.5008552074432373,0.5008552074432373,0.5008552074432373,0.5008552074432373,0.5008552074432373,0.5008552074432373,0.5008552074432373,0.5008552074432373,0.5008552074432373,0.5008552074432373,0.5008552074432373,0.5008552074432373,0.4978127181529999,0.4360734522342682,0.34240004420280457,0.287890762090683,0.287890762090683,0.287890762090683,0.287890762090683,0.287890762090683,0.287890762090683,0.2807562053203583,0.2470969408750534,0.1915992647409439,0.16020940244197845,0.13312943279743195,0.0,0.0
